Task,Start Time,End Time,Duration
rgr,12:12,13:13,1.0166666666666666
py,12:22,13:22,1.0
py,3:04,3:05,0.0166666666666666
py,3:04,3:05,0.0166666666666666
pyr,3:04,3:05,0.0166666666666666
exm,8:20,8:30,0.16666666666666666
